{
    "gpt4v_direct_prompting": [
        [
            0.6543083582459485,
            0.7841716690816256,
            0.7841716690816256,
            0.4651803888083903,
            0.5812519366935093,
            0.7866294384002686
        ],
        [
            0.8140451929345524,
            0.8943616161364253,
            0.8620994802471904,
            0.7650164047180736,
            0.744353263581112,
            0.8847116231918335
        ],
        [
            0.6534003282050712,
            0.6702999896382372,
            0.6238493313556807,
            0.5532112646746126,
            0.5540491281974623,
            0.8824915885925293
        ],
        [
            0.5243599945773911,
            0.4747073396928853,
            0.446759308761436,
            0.3989394546879733,
            0.38968293296165674,
            0.8620582818984985
        ],
        [
            0.9419583639392308,
            1.0,
            1.0,
            0.9149321341236133,
            0.9835139930085847,
            0.8693873286247253
        ],
        [
            0.43753148367216876,
            0.3272120555490392,
            0.32640783667378037,
            0.25738355959507503,
            0.24731489892778474,
            0.9190196394920349
        ],
        [
            0.7980421206249894,
            0.9874842181963953,
            0.9859435808172456,
            0.6713553914241326,
            0.6931467238320349,
            0.8417227864265442
        ],
        [
            0.8118277554571233,
            0.9854383114218656,
            0.9379917830111946,
            0.7758566467792064,
            0.6799921473588318,
            0.8534704446792603
        ],
        [
            0.791836410723602,
            0.8538649237839354,
            0.8444659746710678,
            0.6958341842005203,
            0.7649561481043934,
            0.8620893359184265
        ],
        [
            0.7857368048787878,
            0.8836742889380992,
            0.7830068536196304,
            0.7489230984451247,
            0.7552212283459345,
            0.8557960391044617
        ]
    ],
    "gpt4v_text_augmented_prompting": [
        [
            0.6671623246340941,
            0.7406237662850375,
            0.7406237662850375,
            0.4466093743146028,
            0.6854787986036978,
            0.7959373593330383
        ],
        [
            0.47666943697159725,
            0.3933181193062629,
            0.3918114947047249,
            0.3383092800275014,
            0.3108596488781923,
            0.8656973242759705
        ],
        [
            0.8721210383634866,
            0.9811968498139171,
            0.9802198244807218,
            0.8550541378701236,
            0.7356040161572698,
            0.9176061749458313
        ],
        [
            0.25383184636112976,
            0.08123265190205037,
            0.07927370873703402,
            0.05619144293741306,
            0.06229262031334584,
            0.8175696134567261
        ],
        [
            0.8953561953065271,
            0.9411188556330008,
            0.9411188556330008,
            0.8527636443416903,
            0.9321540571265089,
            0.8553882241249084
        ],
        [
            0.8916802040765864,
            0.9686798357460896,
            0.9675102944244243,
            0.9080027524365663,
            0.7615774302996948,
            0.9296303391456604
        ],
        [
            0.8364490703531584,
            0.9308316785086788,
            0.9308316785086788,
            0.8723878914162192,
            0.6613683512925758,
            0.8812083601951599
        ],
        [
            0.8395116407817107,
            0.9451457124321859,
            0.9203665765753938,
            0.8367788280869721,
            0.6854782420521236,
            0.9154229164123535
        ],
        [
            0.8140736731402831,
            0.9943920951755525,
            0.9590928428816831,
            0.6341575073416454,
            0.810728678046422,
            0.8523156642913818
        ],
        [
            0.8209875077503938,
            0.8856203804847127,
            0.778194193306555,
            0.7494839083627767,
            0.8180933900561201,
            0.938178539276123
        ]
    ],
    "gpt4v_visual_revision_prompting": [
        [
            0.642797607249976,
            0.7895579756566303,
            0.7895579756566303,
            0.4584897890864119,
            0.5564544962080031,
            0.7666881680488586
        ],
        [
            0.5080483581083806,
            0.46632489230916896,
            0.4449633214048016,
            0.37413813409925956,
            0.3481296971328605,
            0.8649622797966003
        ],
        [
            0.8721210383634866,
            0.9811968498139171,
            0.9802198244807218,
            0.8550541378701236,
            0.7356040161572698,
            0.9176061749458313
        ],
        [
            0.21168787446495868,
            0.05239798431770643,
            0.050691293543988096,
            0.037457595014690225,
            0.03944622483307777,
            0.7191563844680786
        ],
        [
            0.8523951419353624,
            0.8675493050596056,
            0.8675493050596056,
            0.8261489034545588,
            0.8589007837382409,
            0.8569815754890442
        ],
        [
            0.849067660083046,
            0.963500712400117,
            0.9621377749418921,
            0.7582717286689634,
            0.7576601670252835,
            0.9182009696960449
        ],
        [
            0.831141582993158,
            0.9310292925936431,
            0.9077147096185028,
            0.8715480571690275,
            0.6616642891574221,
            0.8836392760276794
        ],
        [
            0.8394890953248244,
            0.9451457124321859,
            0.9203665765753938,
            0.8367788280869721,
            0.6854782420521236,
            0.9153327345848083
        ],
        [
            0.9059161258139925,
            0.9963234266624703,
            0.9719570126548026,
            0.9201068752009518,
            0.8169818848551718,
            0.914618730545044
        ],
        [
            0.8205841185996333,
            0.8835975701014424,
            0.7742715444050249,
            0.7481541492216194,
            0.8211080020510333,
            0.9388027787208557
        ]
    ],